stratum,xi1,xi2,xi3,xi4,xi1_sd,xi2_sd,xi3_sd,xi4_sd
LEAN,1.88875516964459,-4.22261223949945,6.45324965580969,-1.60188971458962,2.96151756790533,1.3075422298688,2.53889945822043,1.62438919624106
OB,7.55864363979199,16.6981575907718,-0.35605177751455,-1.98799271102526,3.41525531433849,1.48900154958864,3.03708179831924,2.23181214804281
OB+T2DM,10.431610930989,-0.581566382067851,12.30894785051,2.4122734668605,5.10081703015394,1.25958341277232,4.3531355869918,3.08850551106664
POST-SG,2.51905875362273,15.0344313834376,-6.31134778169989,4.26536652911854,4.46198837464895,1.91968599721708,3.84920630722926,2.71294973645938
PRE-RYGBP,-3.58255205114944,-10.6976901762451,-5.90174162621272,3.55834928569378,2.48937813410989,1.1612870790911,2.02116009160958,1.70575997131412
POST-RYGBP,-32.8159877145003,7.33458264295525,7.04442256394056,0.964293563221238,3.23848915580552,3.90146685687014,4.0365147959077,2.49752141461163
POST-CR,-1.46225712794293,-4.22670655663841,-5.75545507649301,-2.53971983645896,3.02105625817947,0.839605845118197,2.65521970252927,1.91647883242271
