cohort,F,pillai,df1,df2
Post-CR,52.0869695703405,0.769716808338872,12,187
Obesity_T2DM,9.62853364965238,0.381904825063143,12,187
Obesity,7.7799468329641,0.282599413655549,12,237
