cohort,mahal_d,p_perm,p_bonf
Post-CR,2.89072611475591,0.000999000999000999,0.002997002997003
Obesity_T2DM,1.66979332256908,0.000999000999000999,0.002997002997003
Obesity,0.784950315162265,0.000999000999000999,0.002997002997003
